File accession	Output type	Biosample term name	Biosample term id	Experiment target	Biosample sex	Assembly	File download URL	md5sum	Paired with	Technical replicate	Biological replicate(s)
ENCFF001ZQQ	signal	ES-E14	NTR:0001510	CTCF-mouse	male	mm9	https://www.encodeproject.org/files/ENCFF001ZQQ/@@download/ENCFF001ZQQ.bigWig	65b5bd8deef44fc4123cb82e4e80726d	NA	1	1
ENCFF001ZQS	signal	ES-E14	NTR:0001510	CTCF-mouse	male	mm9	https://www.encodeproject.org/files/ENCFF001ZQS/@@download/ENCFF001ZQS.bigWig	1552038522a8099daa7da4a1ff8c6061	NA	1	2
ENCFF001ZQT	signal	ES-E14	NTR:0001510	CTCF-mouse	male	mm9	https://www.encodeproject.org/files/ENCFF001ZQT/@@download/ENCFF001ZQT.bigWig	a82db6b0cde3c6211553ad882f82e514	NA	NA	NA
ENCFF854IVF	peaks	ES-E14	NTR:0001510	CTCF-mouse	male	mm9	https://www.encodeproject.org/files/ENCFF854IVF/@@download/ENCFF854IVF.bed.gz	18e8677418137c2a7e85687803f77cdf	NA	NA	NA
ENCFF524XKU	peaks	ES-E14	NTR:0001510	CTCF-mouse	male	mm9	https://www.encodeproject.org/files/ENCFF524XKU/@@download/ENCFF524XKU.bed.gz	4dff05cead4a5d08c20d3fdc2c0a96c7	NA	1	1
ENCFF672RHI	peaks	ES-E14	NTR:0001510	CTCF-mouse	male	mm9	https://www.encodeproject.org/files/ENCFF672RHI/@@download/ENCFF672RHI.bed.gz	60f0c82d77f15aae718dd680a17ecafc	NA	1	2
ENCFF001LJC	signal	ES-Bruce4	EFO:0005483	EP300-mouse	male	mm9	https://www.encodeproject.org/files/ENCFF001LJC/@@download/ENCFF001LJC.bigWig	12d5dd509903e980b0610c5b813dc3cc	NA	NA	NA
ENCFF001YAD	peaks	ES-Bruce4	EFO:0005483	EP300-mouse	male	mm9	https://www.encodeproject.org/files/ENCFF001YAD/@@download/ENCFF001YAD.bed.gz	ffb0119d85fbec52de191c912f304e2a	NA	NA	NA
ENCFF001LJI	signal	ES-Bruce4	EFO:0005483	POLR2A-mouse	male	mm9	https://www.encodeproject.org/files/ENCFF001LJI/@@download/ENCFF001LJI.bigWig	a294a68a4cc6834752848f3a35d6a3e8	NA	NA	NA
ENCFF001YAE	peaks	ES-Bruce4	EFO:0005483	POLR2A-mouse	male	mm9	https://www.encodeproject.org/files/ENCFF001YAE/@@download/ENCFF001YAE.bed.gz	7ae7fe4bf0dc0dd6b711537836498598	NA	NA	NA
ENCFF001LIR	signal	ES-Bruce4	EFO:0005483	CTCF-mouse	male	mm9	https://www.encodeproject.org/files/ENCFF001LIR/@@download/ENCFF001LIR.bigWig	cd5bb360fd3b7f6ba363298d9725db24	NA	NA	NA
ENCFF001YAC	peaks	ES-Bruce4	EFO:0005483	CTCF-mouse	male	mm9	https://www.encodeproject.org/files/ENCFF001YAC/@@download/ENCFF001YAC.bed.gz	6254f6bd93a625cd811483e4e4e8a969	NA	NA	NA
ENCFF001KDS	signal	ES-Bruce4	EFO:0005483	H3K27me3-mouse	male	mm9	https://www.encodeproject.org/files/ENCFF001KDS/@@download/ENCFF001KDS.bigWig	d4e6adc3751b6d1113a4a4a622029ac3	NA	NA	NA
ENCFF001XWQ	peaks	ES-Bruce4	EFO:0005483	H3K27me3-mouse	male	mm9	https://www.encodeproject.org/files/ENCFF001XWQ/@@download/ENCFF001XWQ.bed.gz	3605ecbe2d710d5dd902ab4d1a266e50	NA	NA	NA
ENCFF001KDY	signal	ES-Bruce4	EFO:0005483	H3K36me3-mouse	male	mm9	https://www.encodeproject.org/files/ENCFF001KDY/@@download/ENCFF001KDY.bigWig	7814e690cef224d10802a49778b97ae8	NA	NA	NA
ENCFF001XWS	peaks	ES-Bruce4	EFO:0005483	H3K36me3-mouse	male	mm9	https://www.encodeproject.org/files/ENCFF001XWS/@@download/ENCFF001XWS.bed.gz	d0fda2124a75184a24deba1b52e85220	NA	NA	NA
ENCFF001KDG	signal	ES-Bruce4	EFO:0005483	H3K9me3-mouse	male	mm9	https://www.encodeproject.org/files/ENCFF001KDG/@@download/ENCFF001KDG.bigWig	853bdb1efe92e3f753f6f93043020b87	NA	NA	NA
ENCFF001XWP	peaks	ES-Bruce4	EFO:0005483	H3K9me3-mouse	male	mm9	https://www.encodeproject.org/files/ENCFF001XWP/@@download/ENCFF001XWP.bed.gz	19cec0ddd5955a77168d995982c18a77	NA	NA	NA
ENCFF001KEP	signal	ES-Bruce4	EFO:0005483	Control-mouse	male	mm9	https://www.encodeproject.org/files/ENCFF001KEP/@@download/ENCFF001KEP.bigWig	aa7534c1b13652d484647b38a8040877	NA	NA	NA
ENCFF001KEH	signal	ES-Bruce4	EFO:0005483	H3K4me1-mouse	male	mm9	https://www.encodeproject.org/files/ENCFF001KEH/@@download/ENCFF001KEH.bigWig	7f5a86a7352e7d4283f1fbac2bf5f372	NA	NA	NA
ENCFF001XWT	peaks	ES-Bruce4	EFO:0005483	H3K4me1-mouse	male	mm9	https://www.encodeproject.org/files/ENCFF001XWT/@@download/ENCFF001XWT.bed.gz	3d2785cea4cbce39aac2b2fbe62e9f4c	NA	NA	NA
ENCFF001KEM	signal	ES-Bruce4	EFO:0005483	H3K4me3-mouse	male	mm9	https://www.encodeproject.org/files/ENCFF001KEM/@@download/ENCFF001KEM.bigWig	570ab75f95582f9e0428567bed9f5bbb	NA	NA	NA
ENCFF001XWU	peaks	ES-Bruce4	EFO:0005483	H3K4me3-mouse	male	mm9	https://www.encodeproject.org/files/ENCFF001XWU/@@download/ENCFF001XWU.bed.gz	5858e702ffc014dfdd142c821fcf60e3	NA	NA	NA
ENCFF001KDN	signal	ES-Bruce4	EFO:0005483	H3K27ac-mouse	male	mm9	https://www.encodeproject.org/files/ENCFF001KDN/@@download/ENCFF001KDN.bigWig	62fff3b89a1b22f8a31206ba9ca97f22	NA	NA	NA
ENCFF001XWR	peaks	ES-Bruce4	EFO:0005483	H3K27ac-mouse	male	mm9	https://www.encodeproject.org/files/ENCFF001XWR/@@download/ENCFF001XWR.bed.gz	54db854612bb955083c747d1491ada7f	NA	NA	NA
ENCFF001KFB	signal	ES-E14	NTR:0001510	H3K4me3-mouse	male	mm9	https://www.encodeproject.org/files/ENCFF001KFB/@@download/ENCFF001KFB.bigWig	33aa36428599463daa0c2d8e9e336e18	NA	NA	NA
ENCFF001XWW	peaks	ES-E14	NTR:0001510	H3K4me3-mouse	male	mm9	https://www.encodeproject.org/files/ENCFF001XWW/@@download/ENCFF001XWW.bed.gz	c253af43387b1ab34776908168a2308e	NA	NA	NA
ENCFF001KEV	signal	ES-E14	NTR:0001510	H3K4me1-mouse	male	mm9	https://www.encodeproject.org/files/ENCFF001KEV/@@download/ENCFF001KEV.bigWig	6057e529921e35700a984e6927cf0fda	NA	NA	NA
ENCFF001XWV	peaks	ES-E14	NTR:0001510	H3K4me1-mouse	male	mm9	https://www.encodeproject.org/files/ENCFF001XWV/@@download/ENCFF001XWV.bed.gz	2da849633e688c28d3d72a67e07ad96b	NA	NA	NA
ENCFF001KFN	signal	ES-E14	NTR:0001510	H3K27ac-mouse	male	mm9	https://www.encodeproject.org/files/ENCFF001KFN/@@download/ENCFF001KFN.bigWig	5068c6d4977d36367ef30fc05e323a42	NA	NA	NA
ENCFF001XWY	peaks	ES-E14	NTR:0001510	H3K27ac-mouse	male	mm9	https://www.encodeproject.org/files/ENCFF001XWY/@@download/ENCFF001XWY.bed.gz	37497f3fc2a15db831dc3e1e6e7c1472	NA	NA	NA
ENCFF001KFT	signal	ES-E14	NTR:0001510	H3K36me3-mouse	male	mm9	https://www.encodeproject.org/files/ENCFF001KFT/@@download/ENCFF001KFT.bigWig	9e345cfc972b73e135577a96020a7890	NA	NA	NA
ENCFF001XWZ	peaks	ES-E14	NTR:0001510	H3K36me3-mouse	male	mm9	https://www.encodeproject.org/files/ENCFF001XWZ/@@download/ENCFF001XWZ.bed.gz	3dea9781c7e55346107b7c190903ab0b	NA	NA	NA
ENCFF001ZOU	signal	ES-E14	NTR:0001510	H3K4me3-mouse	male	mm9	https://www.encodeproject.org/files/ENCFF001ZOU/@@download/ENCFF001ZOU.bigWig	63570b329fd7de50781ce5b65366532c	NA	1	1
ENCFF001ZPB	signal	ES-E14	NTR:0001510	H3K4me3-mouse	male	mm9	https://www.encodeproject.org/files/ENCFF001ZPB/@@download/ENCFF001ZPB.bigWig	144c65e72aaeee53678f55b384659e35	NA	1	2
ENCFF001ZPH	signal	ES-E14	NTR:0001510	H3K4me3-mouse	male	mm9	https://www.encodeproject.org/files/ENCFF001ZPH/@@download/ENCFF001ZPH.bigWig	ec9d0599da5858d75cc7efef4c456630	NA	NA	NA
ENCFF839PKG	peaks	ES-E14	NTR:0001510	H3K4me3-mouse	male	mm9	https://www.encodeproject.org/files/ENCFF839PKG/@@download/ENCFF839PKG.bed.gz	5d140b1e9b2f225aeeab64ccbd034d8b	NA	1	1
ENCFF196KJS	peaks	ES-E14	NTR:0001510	H3K4me3-mouse	male	mm9	https://www.encodeproject.org/files/ENCFF196KJS/@@download/ENCFF196KJS.bed.gz	c6eb656b4be36c7d770224636b9d383c	NA	1	2
ENCFF796LDS	peaks	ES-E14	NTR:0001510	H3K4me3-mouse	male	mm9	https://www.encodeproject.org/files/ENCFF796LDS/@@download/ENCFF796LDS.bed.gz	83e931b2135f931336523682af10e2f2	NA	NA	NA
ENCFF001ZID	signal	ES-E14	NTR:0001510	H3K27me3-mouse	male	mm9	https://www.encodeproject.org/files/ENCFF001ZID/@@download/ENCFF001ZID.bigWig	47ab70cc71bd983ff3fc577f47d2a04c	NA	1	1
ENCFF001ZJI	signal	ES-E14	NTR:0001510	H3K27me3-mouse	male	mm9	https://www.encodeproject.org/files/ENCFF001ZJI/@@download/ENCFF001ZJI.bigWig	7ba706c18b85770c26c3b408bb9b0917	NA	1	2
ENCFF001ZJJ	signal	ES-E14	NTR:0001510	H3K27me3-mouse	male	mm9	https://www.encodeproject.org/files/ENCFF001ZJJ/@@download/ENCFF001ZJJ.bigWig	d01344a0389e04a5e152cf23d2d842f7	NA	NA	NA
ENCFF871XXY	peaks	ES-E14	NTR:0001510	H3K27me3-mouse	male	mm9	https://www.encodeproject.org/files/ENCFF871XXY/@@download/ENCFF871XXY.bed.gz	1e469c3e911b6db910eb3d52e4635e0c	NA	1	2
ENCFF945LRL	peaks	ES-E14	NTR:0001510	H3K27me3-mouse	male	mm9	https://www.encodeproject.org/files/ENCFF945LRL/@@download/ENCFF945LRL.bed.gz	e2eb1d1ef22eb71f648aa1d8c7edc7e3	NA	NA	NA
ENCFF601LTI	peaks	ES-E14	NTR:0001510	H3K27me3-mouse	male	mm9	https://www.encodeproject.org/files/ENCFF601LTI/@@download/ENCFF601LTI.bed.gz	9c4f6062e12a4789a9007424b740c736	NA	1	1
ENCFF001ZHP	signal	ES-E14	NTR:0001510	H3K36me3-mouse	male	mm9	https://www.encodeproject.org/files/ENCFF001ZHP/@@download/ENCFF001ZHP.bigWig	272e6326d75afc76c022cb54b7cc9ff5	NA	1	1
ENCFF001ZHR	signal	ES-E14	NTR:0001510	H3K36me3-mouse	male	mm9	https://www.encodeproject.org/files/ENCFF001ZHR/@@download/ENCFF001ZHR.bigWig	f86787a85ab679f5dccec8607f08c184	NA	1	2
ENCFF001ZHS	signal	ES-E14	NTR:0001510	H3K36me3-mouse	male	mm9	https://www.encodeproject.org/files/ENCFF001ZHS/@@download/ENCFF001ZHS.bigWig	7315e1dcaea061738b249816b0a869af	NA	NA	NA
ENCFF951NLJ	peaks	ES-E14	NTR:0001510	H3K36me3-mouse	male	mm9	https://www.encodeproject.org/files/ENCFF951NLJ/@@download/ENCFF951NLJ.bed.gz	dfe806be8eee4f31d6944781a99bd3b6	NA	1	2
ENCFF916EVG	peaks	ES-E14	NTR:0001510	H3K36me3-mouse	male	mm9	https://www.encodeproject.org/files/ENCFF916EVG/@@download/ENCFF916EVG.bed.gz	37ec668d829e60d42215cf9bfb374821	NA	NA	NA
ENCFF190WVY	peaks	ES-E14	NTR:0001510	H3K36me3-mouse	male	mm9	https://www.encodeproject.org/files/ENCFF190WVY/@@download/ENCFF190WVY.bed.gz	0407dc2c36d36c0c3d139944eaf3a46b	NA	1	1
ENCFF001ZHE	signal	ES-E14	NTR:0001510	H3K9me3-mouse	male	mm9	https://www.encodeproject.org/files/ENCFF001ZHE/@@download/ENCFF001ZHE.bigWig	67115576c5d7d66a0996199e4578c244	NA	1	1
ENCFF001ZHG	signal	ES-E14	NTR:0001510	H3K9me3-mouse	male	mm9	https://www.encodeproject.org/files/ENCFF001ZHG/@@download/ENCFF001ZHG.bigWig	c5d6aac1794abf1200c42534d7087657	NA	1	2
ENCFF001ZHH	signal	ES-E14	NTR:0001510	H3K9me3-mouse	male	mm9	https://www.encodeproject.org/files/ENCFF001ZHH/@@download/ENCFF001ZHH.bigWig	b9c42098916c02d3813c31bf80f4c18b	NA	NA	NA
ENCFF251JZH	peaks	ES-E14	NTR:0001510	H3K9me3-mouse	male	mm9	https://www.encodeproject.org/files/ENCFF251JZH/@@download/ENCFF251JZH.bed.gz	e6e3f202aaaf8f9d37bd624dbe9fac9b	NA	NA	NA
ENCFF176FFR	peaks	ES-E14	NTR:0001510	H3K9me3-mouse	male	mm9	https://www.encodeproject.org/files/ENCFF176FFR/@@download/ENCFF176FFR.bed.gz	36c450d981fe29925842b782cec5abf2	NA	1	2
ENCFF529QXX	peaks	ES-E14	NTR:0001510	H3K9me3-mouse	male	mm9	https://www.encodeproject.org/files/ENCFF529QXX/@@download/ENCFF529QXX.bed.gz	db3687e2f88fdf9016e63f2a4e4dc8f5	NA	1	1
ENCFF001ZGT	signal	ES-E14	NTR:0001510	H3K4me1-mouse	male	mm9	https://www.encodeproject.org/files/ENCFF001ZGT/@@download/ENCFF001ZGT.bigWig	323163ae5146e31481bca3d26ce7e71b	NA	1	1
ENCFF001ZGV	signal	ES-E14	NTR:0001510	H3K4me1-mouse	male	mm9	https://www.encodeproject.org/files/ENCFF001ZGV/@@download/ENCFF001ZGV.bigWig	9f23753058fbc515c37ef495b50cbde2	NA	1	2
ENCFF001ZGW	signal	ES-E14	NTR:0001510	H3K4me1-mouse	male	mm9	https://www.encodeproject.org/files/ENCFF001ZGW/@@download/ENCFF001ZGW.bigWig	b011be5b558a673d03e097e515c8c774	NA	NA	NA
ENCFF816UWP	peaks	ES-E14	NTR:0001510	H3K4me1-mouse	male	mm9	https://www.encodeproject.org/files/ENCFF816UWP/@@download/ENCFF816UWP.bed.gz	3b63a4de70ce388ead9a3891479b5f64	NA	1	1
ENCFF817CZF	peaks	ES-E14	NTR:0001510	H3K4me1-mouse	male	mm9	https://www.encodeproject.org/files/ENCFF817CZF/@@download/ENCFF817CZF.bed.gz	5c7c93940307ebb36bf22426da332cbf	NA	NA	NA
ENCFF790UJA	peaks	ES-E14	NTR:0001510	H3K4me1-mouse	male	mm9	https://www.encodeproject.org/files/ENCFF790UJA/@@download/ENCFF790UJA.bed.gz	5f0ce02691b64271f7e72c2b94000395	NA	1	2
ENCFF001ZGL	signal	ES-E14	NTR:0001510	Control-mouse	male	mm9	https://www.encodeproject.org/files/ENCFF001ZGL/@@download/ENCFF001ZGL.bigWig	c97cd6a7cc809785760f8898fcfac0e7	NA	1	1
ENCFF001ZGN	signal	ES-E14	NTR:0001510	Control-mouse	male	mm9	https://www.encodeproject.org/files/ENCFF001ZGN/@@download/ENCFF001ZGN.bigWig	f38d7b19302663f8cbcc68501c197c13	NA	1	2
ENCFF001ZGR	signal	ES-E14	NTR:0001510	Control-mouse	male	mm9	https://www.encodeproject.org/files/ENCFF001ZGR/@@download/ENCFF001ZGR.bigWig	40911dfc01554387dbe41000684422fa	NA	NA	NA
ENCFF001NTX	signal	MEL cell line	EFO:0003971	Control-mouse	NA	mm9	https://www.encodeproject.org/files/ENCFF001NTX/@@download/ENCFF001NTX.bigWig	21afe4070b371432f83b06c2f1d58c19	NA	NA	NA
ENCFF001NXZ	signal	MEL cell line	EFO:0003971	POLR2A-mouse	unknown	mm9	https://www.encodeproject.org/files/ENCFF001NXZ/@@download/ENCFF001NXZ.bigWig	28a76d5b049ed098dda2f55410cebb2e	NA	NA	NA
ENCFF001YKA	peaks	MEL cell line	EFO:0003971	POLR2A-mouse	unknown	mm9	https://www.encodeproject.org/files/ENCFF001YKA/@@download/ENCFF001YKA.bed.gz	37d4f4f09132ec7d6312a0fe9df1aec8	NA	NA	NA
ENCFF001NXL	signal	MEL cell line	EFO:0003971	EP300-mouse	unknown	mm9	https://www.encodeproject.org/files/ENCFF001NXL/@@download/ENCFF001NXL.bigWig	46e9dc00c5351985523fbf3b1df0503d	NA	NA	NA
ENCFF798RJI	peaks	MEL cell line	EFO:0003971	EP300-mouse	unknown	mm9	https://www.encodeproject.org/files/ENCFF798RJI/@@download/ENCFF798RJI.bed.gz	81a120a7d5aba04e40d33f0b004a58d2	NA	NA	NA
ENCFF001NRI	signal	MEL cell line	EFO:0003971	CTCF-mouse	unknown	mm9	https://www.encodeproject.org/files/ENCFF001NRI/@@download/ENCFF001NRI.bigWig	cd3625141d4deddec58583df543f2008	NA	NA	NA
ENCFF001YJI	peaks	MEL cell line	EFO:0003971	CTCF-mouse	unknown	mm9	https://www.encodeproject.org/files/ENCFF001YJI/@@download/ENCFF001YJI.bed.gz	15c11c5be6b17165d7d72000cec4c90f	NA	NA	NA
ENCFF001NXF	signal	MEL cell line	EFO:0003971	EP300-mouse	unknown	mm9	https://www.encodeproject.org/files/ENCFF001NXF/@@download/ENCFF001NXF.bigWig	8e7d0dd97c1ff66e2420613346e2b474	NA	NA	NA
ENCFF001YJY	peaks	MEL cell line	EFO:0003971	EP300-mouse	unknown	mm9	https://www.encodeproject.org/files/ENCFF001YJY/@@download/ENCFF001YJY.bed.gz	7310e08cff2d19e3881a8413463c9b9c	NA	NA	NA
ENCFF001NUO	signal	MEL cell line	EFO:0003971	Control-mouse	unknown	mm9	https://www.encodeproject.org/files/ENCFF001NUO/@@download/ENCFF001NUO.bigWig	58061b58b1a68fbe602837d6d7b80560	NA	NA	NA
ENCFF001NBX	signal	MEL cell line	EFO:0003971	Control-mouse	NA	mm9	https://www.encodeproject.org/files/ENCFF001NBX/@@download/ENCFF001NBX.bigWig	da7d64b04904456bee5a3160db11f14b	NA	1	1
ENCFF001NXU	signal	MEL cell line	EFO:0003971	POLR2A-mouse	unknown	mm9	https://www.encodeproject.org/files/ENCFF001NXU/@@download/ENCFF001NXU.bigWig	3f95e8d510ce43582eb2ccbd66a7b455	NA	NA	NA
ENCFF001YJZ	peaks	MEL cell line	EFO:0003971	POLR2A-mouse	unknown	mm9	https://www.encodeproject.org/files/ENCFF001YJZ/@@download/ENCFF001YJZ.bed.gz	dd9ca816223656e4d318efa6fbba2873	NA	NA	NA
ENCFF001NQY	signal	MEL cell line	EFO:0003971	CTCF-mouse	unknown	mm9	https://www.encodeproject.org/files/ENCFF001NQY/@@download/ENCFF001NQY.bigWig	e3e9d292327e90ab442ed7261e63f707	NA	NA	NA
ENCFF001YJH	peaks	MEL cell line	EFO:0003971	CTCF-mouse	unknown	mm9	https://www.encodeproject.org/files/ENCFF001YJH/@@download/ENCFF001YJH.bed.gz	75671555a6b2b7ee0cc80b27f8232696	NA	NA	NA
ENCFF001MVV	signal	MEL cell line	EFO:0003971	CTCF-mouse	unknown	mm9	https://www.encodeproject.org/files/ENCFF001MVV/@@download/ENCFF001MVV.bigWig	779498b46e896bdfa8229a79f65cc9b4	NA	1	1
ENCFF001MVW	signal	MEL cell line	EFO:0003971	CTCF-mouse	unknown	mm9	https://www.encodeproject.org/files/ENCFF001MVW/@@download/ENCFF001MVW.bigWig	f9aa2cd0a025aa72e41f156d40e6a6f2	NA	1	2
ENCFF001MVX	signal	MEL cell line	EFO:0003971	CTCF-mouse	unknown	mm9	https://www.encodeproject.org/files/ENCFF001MVX/@@download/ENCFF001MVX.bigWig	beb22db3bac3720b79433ff98bdffd25	NA	NA	NA
ENCFF001YGS	peaks	MEL cell line	EFO:0003971	CTCF-mouse	unknown	mm9	https://www.encodeproject.org/files/ENCFF001YGS/@@download/ENCFF001YGS.bed.gz	7dbe7b05386947016b3e5458f0328c26	NA	NA	NA
ENCFF001YGT	peaks	MEL cell line	EFO:0003971	CTCF-mouse	unknown	mm9	https://www.encodeproject.org/files/ENCFF001YGT/@@download/ENCFF001YGT.bed.gz	dc8173ec0ccb439bfd0e41fcdf2e434b	NA	1	1
ENCFF001YGU	peaks	MEL cell line	EFO:0003971	CTCF-mouse	unknown	mm9	https://www.encodeproject.org/files/ENCFF001YGU/@@download/ENCFF001YGU.bed.gz	9467e6481229a123230e235fcec693f4	NA	1	2
ENCFF001MWC	signal	MEL cell line	EFO:0003971	Control-mouse	unknown	mm9	https://www.encodeproject.org/files/ENCFF001MWC/@@download/ENCFF001MWC.bigWig	b0e6e13af5f44865c3e2dcbf59800d53	NA	1	1
ENCFF001MWD	signal	MEL cell line	EFO:0003971	Control-mouse	unknown	mm9	https://www.encodeproject.org/files/ENCFF001MWD/@@download/ENCFF001MWD.bigWig	8b87fe200d2f725e150180c71ca8d091	NA	1	2
ENCFF001MWE	signal	MEL cell line	EFO:0003971	Control-mouse	unknown	mm9	https://www.encodeproject.org/files/ENCFF001MWE/@@download/ENCFF001MWE.bigWig	a920b3ea13270fb08a1ac15e1c1afab0	NA	NA	NA
ENCFF001LPF	signal	MEL cell line	EFO:0003971	POLR2A-mouse	unknown	mm9	https://www.encodeproject.org/files/ENCFF001LPF/@@download/ENCFF001LPF.bigWig	54158dcb7a1d521905000ba266fdba7d	NA	NA	NA
ENCFF001YAT	peaks	MEL cell line	EFO:0003971	POLR2A-mouse	unknown	mm9	https://www.encodeproject.org/files/ENCFF001YAT/@@download/ENCFF001YAT.bed.gz	dfbeaeb7fcef4137087c7820c1e466a7	NA	NA	NA
ENCFF001LOU	signal	MEL cell line	EFO:0003971	CTCF-mouse	unknown	mm9	https://www.encodeproject.org/files/ENCFF001LOU/@@download/ENCFF001LOU.bigWig	bf15bc7f3cb04f867e1c284831dd4f0d	NA	NA	NA
ENCFF001YAS	peaks	MEL cell line	EFO:0003971	CTCF-mouse	unknown	mm9	https://www.encodeproject.org/files/ENCFF001YAS/@@download/ENCFF001YAS.bed.gz	a51aff79e8f840f4ee6854e0f51d412c	NA	NA	NA
ENCFF001KRC	signal	MEL cell line	EFO:0003971	Control-mouse	unknown	mm9	https://www.encodeproject.org/files/ENCFF001KRC/@@download/ENCFF001KRC.bigWig	926c64beda2f566d2cfc7fad456083f9	NA	NA	NA
ENCFF001KPU	signal	MEL cell line	EFO:0003971	H3K4me3-mouse	unknown	mm9	https://www.encodeproject.org/files/ENCFF001KPU/@@download/ENCFF001KPU.bigWig	05df0a27c5e5c1f4c32c8a1f74493f0d	NA	NA	NA
ENCFF001XYI	peaks	MEL cell line	EFO:0003971	H3K4me3-mouse	unknown	mm9	https://www.encodeproject.org/files/ENCFF001XYI/@@download/ENCFF001XYI.bed.gz	bfc6a6d9b4994d4504fb144959742680	NA	NA	NA
ENCFF001KPN	signal	MEL cell line	EFO:0003971	H3K4me1-mouse	unknown	mm9	https://www.encodeproject.org/files/ENCFF001KPN/@@download/ENCFF001KPN.bigWig	e7f7ce7c97af9851b13d34a6369e2e2b	NA	NA	NA
ENCFF001XYH	peaks	MEL cell line	EFO:0003971	H3K4me1-mouse	unknown	mm9	https://www.encodeproject.org/files/ENCFF001XYH/@@download/ENCFF001XYH.bed.gz	dbde9e4e64452148f870b8cd693e1d17	NA	NA	NA
ENCFF001KQF	signal	MEL cell line	EFO:0003971	H3K27ac-mouse	unknown	mm9	https://www.encodeproject.org/files/ENCFF001KQF/@@download/ENCFF001KQF.bigWig	ae04284e3f69966e6c1804a74c8a002c	NA	NA	NA
ENCFF001XYK	peaks	MEL cell line	EFO:0003971	H3K27ac-mouse	unknown	mm9	https://www.encodeproject.org/files/ENCFF001XYK/@@download/ENCFF001XYK.bed.gz	7b97de1fd0b41982aceb207666c82ef2	NA	NA	NA
ENCFF001KQR	signal	MEL cell line	EFO:0003971	H3K36me3-mouse	unknown	mm9	https://www.encodeproject.org/files/ENCFF001KQR/@@download/ENCFF001KQR.bigWig	76ffa0738026110b430b2044ef20a09d	NA	NA	NA
ENCFF001XYM	peaks	MEL cell line	EFO:0003971	H3K36me3-mouse	unknown	mm9	https://www.encodeproject.org/files/ENCFF001XYM/@@download/ENCFF001XYM.bed.gz	94d6ba91b426878881730a05816c96dc	NA	NA	NA
ENCFF001KQM	signal	MEL cell line	EFO:0003971	H3K27me3-mouse	unknown	mm9	https://www.encodeproject.org/files/ENCFF001KQM/@@download/ENCFF001KQM.bigWig	1461cfc7529831d66d7da302035ac03f	NA	NA	NA
ENCFF001XYL	peaks	MEL cell line	EFO:0003971	H3K27me3-mouse	unknown	mm9	https://www.encodeproject.org/files/ENCFF001XYL/@@download/ENCFF001XYL.bed.gz	8230e296dd06c1c32feb0213d5ec93ad	NA	NA	NA
ENCFF001NBI	signal	MEL cell line	EFO:0003971	H3K27me3-mouse	unknown	mm9	https://www.encodeproject.org/files/ENCFF001NBI/@@download/ENCFF001NBI.bigWig	5fafaa1c3b95baa7af28912094018f3a	NA	NA	NA
ENCFF001YHO	peaks	MEL cell line	EFO:0003971	H3K27me3-mouse	unknown	mm9	https://www.encodeproject.org/files/ENCFF001YHO/@@download/ENCFF001YHO.bed.gz	b03d27146c7ed9d7e161ec172c39c1b1	NA	NA	NA
ENCFF001MYE	signal	ES-E14	NTR:0001510	H3K9me3-mouse	male	mm9	https://www.encodeproject.org/files/ENCFF001MYE/@@download/ENCFF001MYE.bigWig	0bb16c3509034ef80abd3b4e546ce391	NA	NA	NA
ENCFF001YHE	peaks	ES-E14	NTR:0001510	H3K9me3-mouse	male	mm9	https://www.encodeproject.org/files/ENCFF001YHE/@@download/ENCFF001YHE.bed.gz	aca5f387c0f088269fafc7e11d8b435e	NA	NA	NA
ENCFF001MXO	signal	ES-E14	NTR:0001510	H3K4me1-mouse	male	mm9	https://www.encodeproject.org/files/ENCFF001MXO/@@download/ENCFF001MXO.bigWig	36fde4ccb116f1f7a9f0ed7ffebc82bf	NA	NA	NA
ENCFF001YHC	peaks	ES-E14	NTR:0001510	H3K4me1-mouse	male	mm9	https://www.encodeproject.org/files/ENCFF001YHC/@@download/ENCFF001YHC.bed.gz	796765119639deb8aba06c833008039d	NA	NA	NA
ENCFF001MXW	signal	ES-E14	NTR:0001510	H3K4me3-mouse	male	mm9	https://www.encodeproject.org/files/ENCFF001MXW/@@download/ENCFF001MXW.bigWig	a0327d72ee47a5fc5c05698196d66072	NA	NA	NA
ENCFF001YHD	peaks	ES-E14	NTR:0001510	H3K4me3-mouse	male	mm9	https://www.encodeproject.org/files/ENCFF001YHD/@@download/ENCFF001YHD.bed.gz	37a62dba6fba1f73cebab18d8dc34127	NA	NA	NA
ENCFF001MZA	signal	MEL cell line	EFO:0003971	H3K4me1-mouse	unknown	mm9	https://www.encodeproject.org/files/ENCFF001MZA/@@download/ENCFF001MZA.bigWig	1d8c0e4e353a764222648b47f1f479cb	NA	NA	NA
ENCFF001YHG	peaks	MEL cell line	EFO:0003971	H3K4me1-mouse	unknown	mm9	https://www.encodeproject.org/files/ENCFF001YHG/@@download/ENCFF001YHG.bed.gz	1203fb94cb886bd6b8ddf9825bd89f69	NA	NA	NA
ENCFF001NBA	signal	MEL cell line	EFO:0003971	H3K27me3-mouse	unknown	mm9	https://www.encodeproject.org/files/ENCFF001NBA/@@download/ENCFF001NBA.bigWig	c3e32f83480c8f9018f81b20469d270e	NA	NA	NA
ENCFF001YHN	peaks	MEL cell line	EFO:0003971	H3K27me3-mouse	unknown	mm9	https://www.encodeproject.org/files/ENCFF001YHN/@@download/ENCFF001YHN.bed.gz	497115e6b24e62034017f05673e88e94	NA	NA	NA
ENCFF001MZZ	signal	MEL cell line	EFO:0003971	H3K4me3-mouse	unknown	mm9	https://www.encodeproject.org/files/ENCFF001MZZ/@@download/ENCFF001MZZ.bigWig	71db3371ac3eb628fc117144a4dce47e	NA	NA	NA
ENCFF001YHJ	peaks	MEL cell line	EFO:0003971	H3K4me3-mouse	unknown	mm9	https://www.encodeproject.org/files/ENCFF001YHJ/@@download/ENCFF001YHJ.bed.gz	1874176a4b3f51bbc7f1c4d40c86c848	NA	NA	NA
ENCFF001MYU	signal	MEL cell line	EFO:0003971	H3K4me1-mouse	unknown	mm9	https://www.encodeproject.org/files/ENCFF001MYU/@@download/ENCFF001MYU.bigWig	6647971a23871ac4b3499637e9654e94	NA	NA	NA
ENCFF001YHF	peaks	MEL cell line	EFO:0003971	H3K4me1-mouse	unknown	mm9	https://www.encodeproject.org/files/ENCFF001YHF/@@download/ENCFF001YHF.bed.gz	784ed4ab21e7ab1e38e6fedd5dbed92f	NA	NA	NA
ENCFF001NAJ	signal	MEL cell line	EFO:0003971	H3K9me3-mouse	unknown	mm9	https://www.encodeproject.org/files/ENCFF001NAJ/@@download/ENCFF001NAJ.bigWig	2f59e86a48a214c592f4df05ba9a8ddd	NA	NA	NA
ENCFF001YHL	peaks	MEL cell line	EFO:0003971	H3K9me3-mouse	unknown	mm9	https://www.encodeproject.org/files/ENCFF001YHL/@@download/ENCFF001YHL.bed.gz	6b0e543208512118ab13ec22fa5ce91c	NA	NA	NA
ENCFF001MZR	signal	MEL cell line	EFO:0003971	H3K4me3-mouse	unknown	mm9	https://www.encodeproject.org/files/ENCFF001MZR/@@download/ENCFF001MZR.bigWig	93e95c813bed77cc6ebfe18666a8f7af	NA	NA	NA
ENCFF001YHI	peaks	MEL cell line	EFO:0003971	H3K4me3-mouse	unknown	mm9	https://www.encodeproject.org/files/ENCFF001YHI/@@download/ENCFF001YHI.bed.gz	9420383635c545cdb109724d77ffaef6	NA	NA	NA
ENCFF001NBR	signal	MEL cell line	EFO:0003971	H3K36me3-mouse	unknown	mm9	https://www.encodeproject.org/files/ENCFF001NBR/@@download/ENCFF001NBR.bigWig	565eca9143e36a9d5bb155adeeab1302	NA	NA	NA
ENCFF001YHP	peaks	MEL cell line	EFO:0003971	H3K36me3-mouse	unknown	mm9	https://www.encodeproject.org/files/ENCFF001YHP/@@download/ENCFF001YHP.bed.gz	8e2bf7aadd5c2c908576e6b4b178b05e	NA	NA	NA
ENCFF001NAS	signal	MEL cell line	EFO:0003971	H3K9me3-mouse	unknown	mm9	https://www.encodeproject.org/files/ENCFF001NAS/@@download/ENCFF001NAS.bigWig	a2d0f5ae40e57f4460773f54cfb37099	NA	NA	NA
ENCFF001YHM	peaks	MEL cell line	EFO:0003971	H3K9me3-mouse	unknown	mm9	https://www.encodeproject.org/files/ENCFF001YHM/@@download/ENCFF001YHM.bed.gz	b26a7eb106cc4a074947d893ff51f704	NA	NA	NA
ENCFF001MXD	signal	CH12.LX	EFO:0005233	H3K4me3-mouse	female	mm9	https://www.encodeproject.org/files/ENCFF001MXD/@@download/ENCFF001MXD.bigWig	d8d04c4b5a2dcd33e4bd4fb0680a37b8	NA	NA	NA
ENCFF001YHB	peaks	CH12.LX	EFO:0005233	H3K4me3-mouse	female	mm9	https://www.encodeproject.org/files/ENCFF001YHB/@@download/ENCFF001YHB.bed.gz	85826b0e0c0c365cb123c8a4d4aac2ba	NA	NA	NA
ENCFF001LVV	signal	CH12.LX	EFO:0005233	H3K27me3-mouse	female	mm9	https://www.encodeproject.org/files/ENCFF001LVV/@@download/ENCFF001LVV.bigWig	25095ff3e11ca657eb5880bba6394ff0	NA	1	1
ENCFF001LVX	signal	CH12.LX	EFO:0005233	H3K27me3-mouse	female	mm9	https://www.encodeproject.org/files/ENCFF001LVX/@@download/ENCFF001LVX.bigWig	42403e71e6750308cf9794627636f20b	NA	1	2
ENCFF001LVZ	signal	CH12.LX	EFO:0005233	H3K27me3-mouse	female	mm9	https://www.encodeproject.org/files/ENCFF001LVZ/@@download/ENCFF001LVZ.bigWig	6d6f3f2ff91cec090b3748f67166f5ed	NA	NA	NA
ENCFF001YBT	peaks	CH12.LX	EFO:0005233	H3K27me3-mouse	female	mm9	https://www.encodeproject.org/files/ENCFF001YBT/@@download/ENCFF001YBT.bed.gz	1a69534e5aceb9215e993aacf5532a54	NA	NA	NA
ENCFF001YBU	peaks	CH12.LX	EFO:0005233	H3K27me3-mouse	female	mm9	https://www.encodeproject.org/files/ENCFF001YBU/@@download/ENCFF001YBU.bed.gz	b22e1e7bf814543fb9fafedad1a732e2	NA	1	1
ENCFF001YBV	peaks	CH12.LX	EFO:0005233	H3K27me3-mouse	female	mm9	https://www.encodeproject.org/files/ENCFF001YBV/@@download/ENCFF001YBV.bed.gz	01562b3870caac196b27c6359d638eb8	NA	1	2
ENCFF001KBX	signal	CH12.LX	EFO:0005233	Control-mouse	female	mm9	https://www.encodeproject.org/files/ENCFF001KBX/@@download/ENCFF001KBX.bigWig	8c4671ec882cdead6236d794876f15ac	NA	NA	NA
ENCFF001KAU	signal	CH12.LX	EFO:0005233	H3K4me3-mouse	female	mm9	https://www.encodeproject.org/files/ENCFF001KAU/@@download/ENCFF001KAU.bigWig	d29167637c10612957f15a6ecabe06af	NA	NA	NA
ENCFF001XWG	peaks	CH12.LX	EFO:0005233	H3K4me3-mouse	female	mm9	https://www.encodeproject.org/files/ENCFF001XWG/@@download/ENCFF001XWG.bed.gz	b43488d560cf44bb465075a1b24ffe93	NA	NA	NA
ENCFF001MLR	signal	CH12.LX	EFO:0005233	Control-mouse	female	mm9	https://www.encodeproject.org/files/ENCFF001MLR/@@download/ENCFF001MLR.bigWig	a02c9860c09456e200ec00fbed66b503	NA	1	1
ENCFF001MLT	signal	CH12.LX	EFO:0005233	Control-mouse	female	mm9	https://www.encodeproject.org/files/ENCFF001MLT/@@download/ENCFF001MLT.bigWig	f3da921afc1b1c1261153355a9d4fa57	NA	1	2
ENCFF001MLV	signal	CH12.LX	EFO:0005233	Control-mouse	female	mm9	https://www.encodeproject.org/files/ENCFF001MLV/@@download/ENCFF001MLV.bigWig	fe9c00a1e26cda9b6f62815981c71d52	NA	NA	NA
ENCFF001LUR	signal	CH12.LX	EFO:0005233	H3K4me1-mouse	female	mm9	https://www.encodeproject.org/files/ENCFF001LUR/@@download/ENCFF001LUR.bigWig	b70958b766ea64cdac6ed106fdff28e9	NA	1	1
ENCFF001LUT	signal	CH12.LX	EFO:0005233	H3K4me1-mouse	female	mm9	https://www.encodeproject.org/files/ENCFF001LUT/@@download/ENCFF001LUT.bigWig	dd93ac7483ea3eab134700317ad7df61	NA	1	2
ENCFF001LUV	signal	CH12.LX	EFO:0005233	H3K4me1-mouse	female	mm9	https://www.encodeproject.org/files/ENCFF001LUV/@@download/ENCFF001LUV.bigWig	143eea6c1012208ab8c7960891e8694c	NA	NA	NA
ENCFF001YBK	peaks	CH12.LX	EFO:0005233	H3K4me1-mouse	female	mm9	https://www.encodeproject.org/files/ENCFF001YBK/@@download/ENCFF001YBK.bed.gz	191309278da41e2f8f0ca13b1c064e20	NA	NA	NA
ENCFF001YBL	peaks	CH12.LX	EFO:0005233	H3K4me1-mouse	female	mm9	https://www.encodeproject.org/files/ENCFF001YBL/@@download/ENCFF001YBL.bed.gz	b45352d1573cb05c3f3af731435bfe1e	NA	1	1
ENCFF001YBM	peaks	CH12.LX	EFO:0005233	H3K4me1-mouse	female	mm9	https://www.encodeproject.org/files/ENCFF001YBM/@@download/ENCFF001YBM.bed.gz	02613b67e5b605236ead0defbd3e651c	NA	1	2
ENCFF001NGI	signal	CH12.LX	EFO:0005233	CTCF-mouse	female	mm9	https://www.encodeproject.org/files/ENCFF001NGI/@@download/ENCFF001NGI.bigWig	bccc5b2f53b7022bf9e3b85fd85b135b	NA	NA	NA
ENCFF001YHW	peaks	CH12.LX	EFO:0005233	CTCF-mouse	female	mm9	https://www.encodeproject.org/files/ENCFF001YHW/@@download/ENCFF001YHW.bed.gz	0fd36ea125257b6e698325d97cb3e2e1	NA	NA	NA
ENCFF001NJV	signal	CH12.LX	EFO:0005233	EP300-mouse	female	mm9	https://www.encodeproject.org/files/ENCFF001NJV/@@download/ENCFF001NJV.bigWig	89e48e9511469d86cbd9303ef7e07869	NA	NA	NA
ENCFF001YII	peaks	CH12.LX	EFO:0005233	EP300-mouse	female	mm9	https://www.encodeproject.org/files/ENCFF001YII/@@download/ENCFF001YII.bed.gz	721e2a69fd92687b0b63f81cdc8b1fe9	NA	NA	NA
ENCFF001KBM	signal	CH12.LX	EFO:0005233	H3K36me3-mouse	female	mm9	https://www.encodeproject.org/files/ENCFF001KBM/@@download/ENCFF001KBM.bigWig	85bb9a55bf71061013c11290690dfbd8	NA	NA	NA
ENCFF001XWJ	peaks	CH12.LX	EFO:0005233	H3K36me3-mouse	female	mm9	https://www.encodeproject.org/files/ENCFF001XWJ/@@download/ENCFF001XWJ.bed.gz	e505f13529be9b21d9aa4a67a349bfc6	NA	NA	NA
ENCFF001MLJ	signal	CH12.LX	EFO:0005233	CTCF-mouse	female	mm9	https://www.encodeproject.org/files/ENCFF001MLJ/@@download/ENCFF001MLJ.bigWig	677d897c5951a513e79af200b3c4dbb9	NA	1	1
ENCFF001MLL	signal	CH12.LX	EFO:0005233	CTCF-mouse	female	mm9	https://www.encodeproject.org/files/ENCFF001MLL/@@download/ENCFF001MLL.bigWig	af9c3b2482eee936cb314cf7ff0317ac	NA	1	2
ENCFF001MLN	signal	CH12.LX	EFO:0005233	CTCF-mouse	female	mm9	https://www.encodeproject.org/files/ENCFF001MLN/@@download/ENCFF001MLN.bigWig	f8ab794394be26e8a5a6c8ef656110d4	NA	NA	NA
ENCFF001YEH	peaks	CH12.LX	EFO:0005233	CTCF-mouse	female	mm9	https://www.encodeproject.org/files/ENCFF001YEH/@@download/ENCFF001YEH.bed.gz	b660915c9181423a917523b5b503bbb7	NA	NA	NA
ENCFF001YEI	peaks	CH12.LX	EFO:0005233	CTCF-mouse	female	mm9	https://www.encodeproject.org/files/ENCFF001YEI/@@download/ENCFF001YEI.bed.gz	507e3ea67e41cf2f31f49dd86dc33fd6	NA	1	1
ENCFF001YEJ	peaks	CH12.LX	EFO:0005233	CTCF-mouse	female	mm9	https://www.encodeproject.org/files/ENCFF001YEJ/@@download/ENCFF001YEJ.bed.gz	e9256686dfab3c9b4969b2969c866915	NA	1	2
ENCFF001LVC	signal	CH12.LX	EFO:0005233	H3K4me3-mouse	female	mm9	https://www.encodeproject.org/files/ENCFF001LVC/@@download/ENCFF001LVC.bigWig	f338c5489c6560d73c7596da808ef29c	NA	1	1
ENCFF001LVD	signal	CH12.LX	EFO:0005233	H3K4me3-mouse	female	mm9	https://www.encodeproject.org/files/ENCFF001LVD/@@download/ENCFF001LVD.bigWig	4b6b283d8f7974f415848d8bcd8eff1f	NA	1	2
ENCFF001LVF	signal	CH12.LX	EFO:0005233	H3K4me3-mouse	female	mm9	https://www.encodeproject.org/files/ENCFF001LVF/@@download/ENCFF001LVF.bigWig	e50de18e819667c45da5410c697205b3	NA	NA	NA
ENCFF001YBN	peaks	CH12.LX	EFO:0005233	H3K4me3-mouse	female	mm9	https://www.encodeproject.org/files/ENCFF001YBN/@@download/ENCFF001YBN.bed.gz	02f057a645c451691451d3669f0c32cc	NA	NA	NA
ENCFF001YBO	peaks	CH12.LX	EFO:0005233	H3K4me3-mouse	female	mm9	https://www.encodeproject.org/files/ENCFF001YBO/@@download/ENCFF001YBO.bed.gz	6dbf561b352ae95a62b3565cb9a33c1e	NA	1	1
ENCFF001YBP	peaks	CH12.LX	EFO:0005233	H3K4me3-mouse	female	mm9	https://www.encodeproject.org/files/ENCFF001YBP/@@download/ENCFF001YBP.bed.gz	0d86e22dfbf099b1cbc8adbc24da36b1	NA	1	2
ENCFF001LVL	signal	CH12.LX	EFO:0005233	H3K9me3-mouse	female	mm9	https://www.encodeproject.org/files/ENCFF001LVL/@@download/ENCFF001LVL.bigWig	434303cd44a4f237a26ec6ecf8323ab5	NA	1	1
ENCFF001LVN	signal	CH12.LX	EFO:0005233	H3K9me3-mouse	female	mm9	https://www.encodeproject.org/files/ENCFF001LVN/@@download/ENCFF001LVN.bigWig	43beeee0446807299aeda957441b2c4a	NA	1	2
ENCFF001LVO	signal	CH12.LX	EFO:0005233	H3K9me3-mouse	female	mm9	https://www.encodeproject.org/files/ENCFF001LVO/@@download/ENCFF001LVO.bigWig	d67e25643b7b5d76bbec245abd6d6e53	NA	NA	NA
ENCFF001YBQ	peaks	CH12.LX	EFO:0005233	H3K9me3-mouse	female	mm9	https://www.encodeproject.org/files/ENCFF001YBQ/@@download/ENCFF001YBQ.bed.gz	86d264cc1e5407fdd7a7f72299fa33e8	NA	NA	NA
ENCFF001YBR	peaks	CH12.LX	EFO:0005233	H3K9me3-mouse	female	mm9	https://www.encodeproject.org/files/ENCFF001YBR/@@download/ENCFF001YBR.bed.gz	9becc98d9e41a72630a69bd7f98aa100	NA	1	1
ENCFF001YBS	peaks	CH12.LX	EFO:0005233	H3K9me3-mouse	female	mm9	https://www.encodeproject.org/files/ENCFF001YBS/@@download/ENCFF001YBS.bed.gz	142206f7953b4785b76a2387e1066c50	NA	1	2
ENCFF001KBG	signal	CH12.LX	EFO:0005233	H3K27ac-mouse	female	mm9	https://www.encodeproject.org/files/ENCFF001KBG/@@download/ENCFF001KBG.bigWig	a4a892652857190b4ba95b553e317acd	NA	NA	NA
ENCFF001XWI	peaks	CH12.LX	EFO:0005233	H3K27ac-mouse	female	mm9	https://www.encodeproject.org/files/ENCFF001XWI/@@download/ENCFF001XWI.bed.gz	6b0a600251f15c6630124fe21786a336	NA	NA	NA
ENCFF001KAI	signal	CH12.LX	EFO:0005233	H3K4me1-mouse	female	mm9	https://www.encodeproject.org/files/ENCFF001KAI/@@download/ENCFF001KAI.bigWig	caf1344194bd89cea1110032f127c300	NA	NA	NA
ENCFF001XWE	peaks	CH12.LX	EFO:0005233	H3K4me1-mouse	female	mm9	https://www.encodeproject.org/files/ENCFF001XWE/@@download/ENCFF001XWE.bed.gz	fc6e225288b7ef1d7db5977e6932866c	NA	NA	NA
ENCFF001NKA	signal	CH12.LX	EFO:0005233	POLR2A-mouse	female	mm9	https://www.encodeproject.org/files/ENCFF001NKA/@@download/ENCFF001NKA.bigWig	c7fed341bfdbed6d1bb3bf8127a4356f	NA	NA	NA
ENCFF001YIJ	peaks	CH12.LX	EFO:0005233	POLR2A-mouse	female	mm9	https://www.encodeproject.org/files/ENCFF001YIJ/@@download/ENCFF001YIJ.bed.gz	ebefc0ce1db4a4f8fb0ea6e16f156668	NA	NA	NA
ENCFF001LWG	signal	CH12.LX	EFO:0005233	H3K36me3-mouse	female	mm9	https://www.encodeproject.org/files/ENCFF001LWG/@@download/ENCFF001LWG.bigWig	729564ff1615646ce49c8e748dd5c512	NA	1	1
ENCFF001LWH	signal	CH12.LX	EFO:0005233	H3K36me3-mouse	female	mm9	https://www.encodeproject.org/files/ENCFF001LWH/@@download/ENCFF001LWH.bigWig	2c7fd7f088814aad49260ab9b5cea769	NA	1	2
ENCFF001LWJ	signal	CH12.LX	EFO:0005233	H3K36me3-mouse	female	mm9	https://www.encodeproject.org/files/ENCFF001LWJ/@@download/ENCFF001LWJ.bigWig	6ca230f6caf6dd3776107e191986249b	NA	NA	NA
ENCFF001YBW	peaks	CH12.LX	EFO:0005233	H3K36me3-mouse	female	mm9	https://www.encodeproject.org/files/ENCFF001YBW/@@download/ENCFF001YBW.bed.gz	14805e857c7088b116ac4413799b53cd	NA	NA	NA
ENCFF001YBX	peaks	CH12.LX	EFO:0005233	H3K36me3-mouse	female	mm9	https://www.encodeproject.org/files/ENCFF001YBX/@@download/ENCFF001YBX.bed.gz	19c6e61d2cb02d9f1da29345c80af4ab	NA	1	1
ENCFF001YBY	peaks	CH12.LX	EFO:0005233	H3K36me3-mouse	female	mm9	https://www.encodeproject.org/files/ENCFF001YBY/@@download/ENCFF001YBY.bed.gz	566d50a8361a653b7520e0a0ed3ca94d	NA	1	2